{
    "loss": 0.43610137701034546,
    "accuracy": 0.8706896305084229
}